colonyID2,ColonyID_sara,Axis.1,Axis.2,Axis.3,Axis.4,Axis.5,Axis.6,Axis.7,Axis.8,Axis.9,Axis.10
BRM2,BRM2,-0.025584136,-0.036467949,-0.005812916,0.003586654,0.000547005,2.12E-06,-6.10E-07,-0.00138467,0.000238517,-9.84E-05
BRM5,BRM5,-0.022334315,-0.032747131,-0.001863821,0.001062439,-0.002472284,7.70E-05,-2.10E-05,-0.001158163,-0.000634426,-0.000333084
BRM3,BRM3,-0.021100486,-0.031348566,-0.000375637,0.000116211,-0.00361176,0.000101998,-2.74E-05,-0.001228798,-0.000854861,-0.000412061
NOTCH1,Notch1,-0.026590554,-0.037632303,-0.007042567,0.004375764,0.001482999,-2.16E-05,5.94E-06,-0.001647267,0.000577723,-3.88E-05
BRM11,BRM11,-0.030972845,-0.042689099,-0.012464664,0.00788368,0.005686226,-0.000279657,0.00015671,-0.00827227,-0.01549751,-0.002119284
BRM4,BRM4,-0.025525031,-0.036397698,-0.00573884,0.003538285,0.000490473,5.19E-06,-2.22E-06,-0.001283049,0.000357705,-8.00E-05
BRM7,BRM7,-0.023162207,-0.033691739,-0.002866632,0.001701987,-0.001705791,5.99E-05,-1.70E-05,-0.001133125,-0.000335669,-0.000261746
DSF11,DSF11,-0.023254967,-0.033833189,-0.003001421,0.001798366,-0.001612264,4.76E-05,-7.40E-06,-0.002043518,-0.00167793,-0.000506633
RW5,RW5,-0.026783899,-0.037888037,-0.007299829,0.00455056,0.00167111,-3.93E-05,1.98E-05,-0.002878985,-0.001555172,-0.00042408
BRM10,BRM10,-0.021546013,-0.031778196,-0.000873499,0.000414096,-0.003202955,9.95E-05,-3.22E-05,-3.16E-06,0.000394699,-0.000116318
BRAD4,Brad4-2,-0.023167754,-0.033633764,-0.002841071,0.001670324,-0.0017004,6.63E-05,-2.58E-05,0.000315444,0.001505854,0.00014764
BRM8,BRM8,-0.024869424,-0.035572501,-0.004905147,0.002987767,-0.000117534,2.75E-05,-1.70E-05,0.000642102,0.002599933,0.000427658
NOTCH4,Notch4,-0.027022512,-0.038348248,-0.007674681,0.004831725,0.001874884,-2.58E-05,-6.88E-06,0.009159165,-0.00150968,-6.53E-06
BRAD3,BRAD3,-0.019372645,-0.029391543,0.001709128,-0.001209528,-0.005210101,0.000138265,-3.78E-05,-0.000305704,-0.001410736,-0.000509327
SEB9,SEB9,-0.025190135,-0.036051962,-0.00535343,0.003302125,0.000183342,1.04E-05,-5.68E-06,0.000825873,-0.000118143,-6.93E-05
MB1,MB1,-0.024542383,-0.035305764,-0.004563155,0.002795534,-0.000419852,2.62E-05,-9.72E-06,0.000641704,-0.000295303,-0.000129219
SEB2,SEB2,-0.028270365,-0.039723089,-0.009182028,0.005789944,0.00306517,-7.49E-05,9.17E-06,0.009846764,-0.000872093,0.000311576
SEB3,SEB3,-0.024216497,-0.03502463,-0.004217467,0.002598563,-0.000716708,2.91E-05,-1.48E-05,0.004953166,-0.001205364,-0.000124196
KBH5,KBH5,-0.025233922,-0.036194593,-0.005454326,0.003389561,0.000224967,7.86E-06,-9.94E-06,0.005397949,-0.001065286,-5.99E-05
BEAR6,Bear6,-0.027476467,-0.038773439,-0.008192833,0.005146037,0.002321348,-5.20E-05,5.54E-06,0.006937392,-0.000549034,0.000203841
BEAR7,BEAR7,-0.023216516,-0.033848306,-0.002984273,0.001801727,-0.001649163,5.46E-05,-1.98E-05,0.003040015,-0.00113189,-0.000226948
KBH2,KBH2,-0.024445377,-0.03526744,-0.004482081,0.002761431,-0.000510371,2.80E-05,-1.39E-05,0.003878838,-0.001007371,-0.000142148
KBH8,KBH8,-0.025573533,-0.036570657,-0.005859259,0.003644736,0.000538352,1.74E-06,-7.88E-06,0.004749035,-0.000872366,-4.92E-05
BARD3,Bard3,-0.023249743,-0.033823901,-0.002988499,0.001787214,-0.001625462,5.77E-05,-1.61E-05,-0.001420523,0.000101245,-0.000165209
NOTCH3,Notch3r,-0.0248918,-0.035710574,-0.004988103,0.003067296,-9.84E-05,1.92E-05,-5.68E-06,-0.001619486,0.000806469,8.76E-06
APB6,APB6,-0.026933574,-0.038079986,-0.007484506,0.004670274,0.001797142,-2.60E-05,6.07E-06,-0.002237264,0.001919163,0.000226611
BRP6,BRP6,-0.027046666,-0.03826191,-0.007652682,0.004792305,0.001909178,-3.61E-05,1.11E-05,-0.004401446,0.006480088,0.001312917
BRP9,BRP9,-0.022290409,-0.032708347,-0.00181405,0.00103238,-0.002516752,8.05E-05,-2.25E-05,-0.001008678,-0.000822161,-0.000379199
BRP8,BRP8,-0.027060466,-0.038243314,-0.00766092,0.004793009,0.001937108,-4.61E-05,1.51E-05,-0.003805063,0.006055328,0.001287178
GSMNP3,GSMNP3,-0.024282658,-0.035043472,-0.004269224,0.002617674,-0.000654318,2.57E-05,-5.75E-06,-0.00279674,0.003152486,0.000559267
GSMNP5,GSMNP5,-0.026925299,-0.03808955,-0.007496027,0.00468737,0.001809584,-4.16E-05,1.37E-05,-0.003797963,0.00593933,0.001251864
APB7,APB7-2,-0.028342631,-0.04004458,-0.009383317,0.005973648,0.003118674,-8.20E-05,3.35E-05,-0.001264973,0.001404572,0.000448688
KBH6,KBH6,-0.023756358,-0.034654339,-0.00373531,0.002327261,-0.001148217,3.30E-05,-2.77E-06,-0.001038903,-0.000346973,-0.000112946
APB10,APB10,-0.025223358,-0.036375611,-0.005536139,0.003487363,0.000209391,8.98E-07,6.62E-06,-0.001080483,6.02E-05,1.32E-05
NOCK6,Nock6r,-0.027219654,-0.038722655,-0.007994741,0.005074739,0.002066225,-4.85E-05,2.20E-05,-0.001181437,0.000782225,0.000242337
HSP1,HSP1-2,-0.027218205,-0.038723995,-0.007995129,0.005076013,0.002065878,-4.92E-05,2.25E-05,-0.001213948,0.000809338,0.000251614
HSP6,HSP6,-0.026300064,-0.037643443,-0.006862946,0.004344396,0.001210448,-2.55E-05,1.50E-05,-0.001154314,0.000446394,0.000135583
HSP4,HSP4,-0.020305386,-0.029776469,0.000950162,-0.000902669,-0.004388882,0.000164155,-6.37E-05,-0.00077746,-0.001028117,-0.000765378
UNF3,UNF3,-0.049531338,0.04269952,-0.035794176,-0.034120071,-0.041253077,0.000143542,-7.75E-06,8.90E-06,3.58E-05,-6.36E-05
UNF6,UNF6,-0.049621057,0.042743181,-0.035912175,-0.034149713,-0.041278789,0.000142448,-5.31E-06,1.16E-05,4.37E-05,-5.80E-06
UNF8,UNF8,-0.049297033,0.042585703,-0.035486796,-0.03404371,-0.041187397,0.000146438,-1.36E-05,2.66E-06,1.95E-05,-0.000172603
UNF4,UNF4,-0.049284976,0.042573263,-0.035450732,-0.034006055,-0.041135737,0.000140788,-1.34E-05,1.29E-06,1.08E-05,-0.000167338
CGNSP1,CGNSP1,-0.017044721,0.030705501,0.013479596,-0.008964929,-0.015312052,-0.0009873,-0.000360338,-0.00021016,-0.000341169,-0.001732099
CGYM9,CGYM9,-0.019852579,0.033460537,0.011739561,-0.005721582,-0.011511082,-0.001396625,-0.000335234,-0.00015331,-0.000243852,-0.001243626
CGNSP3,CGNSP3,-0.027344074,0.040231562,0.006946632,0.002237218,-0.001946302,-0.000646053,-3.81E-05,-5.90E-05,-0.000100899,-0.000407039
NSP3,NSP3,-0.033331443,0.044882368,0.002896328,0.007716735,0.004995237,-0.000814789,0.00057814,-0.000126927,-0.001208903,0.006104459
WP6,WP6,-0.030173751,0.042447012,0.005043858,0.004834405,0.001330594,-0.000796937,0.000289405,-0.00011345,-0.000947149,0.004931458
WP9,WP9,-0.033727967,0.045220862,0.00264156,0.008104587,0.005467347,-0.000974281,0.000763096,-0.000188631,-0.002235311,0.013332544
CGYM7,CGYM7,-0.037821713,0.048564724,-0.000138659,0.012141791,0.010530321,-0.019449561,-0.001878683,0.000198371,0.00121198,-0.005157556
IJAMS1,Ijams1,-0.034091988,0.0455889,0.002397228,0.008575032,0.006031886,-0.010109153,-0.00079745,3.57E-05,0.000195048,-0.001013703
IJAMS3,Ijams3,-0.034381232,0.04581734,0.002201025,0.00884693,0.00637532,-0.010510475,-0.000825673,3.96E-05,0.000194375,-0.000946778
RC15,RC15,-0.031680352,0.04377668,0.004069284,0.006400389,0.003228688,-0.002032273,0.000143542,-6.65E-05,-0.000538799,0.002608805
WP11,WP11,-0.033181861,0.04496661,0.003056935,0.007808265,0.005001433,-0.002382621,0.000313771,-8.60E-05,-0.000975261,0.00553424
CGYM10,CGYM10-3,-0.036180484,0.047764505,0.001142179,0.01114995,0.008990541,0.00365507,0.012371564,0.000126006,0.000760219,-0.00358009
CGYM13,CGYM13-3,-0.035264788,0.047016807,0.001755495,0.010259996,0.007880527,0.003214524,0.01065183,0.00010425,0.000655211,-0.003169889
YM2,YM2,-0.033944245,0.045914622,0.002634944,0.008944697,0.006251343,0.002255248,0.006533433,5.35E-05,0.000346148,-0.001739015
CGYM11,CGYM11,-0.034123474,0.046038982,0.002510634,0.009088844,0.006441343,0.002013794,0.005148022,3.67E-05,0.000191812,-0.000879798
YM1,YM1,-0.033483247,0.045519678,0.002939139,0.008473278,0.005672584,0.001812301,0.004593757,3.04E-05,0.000193884,-0.000996869
YM3,YM3,-0.031865362,0.044175574,0.004011941,0.006881798,0.003702342,0.000988152,0.001686259,-1.70E-06,4.98E-05,-0.000442567
CGYM8,CGYM8,-0.033135557,0.045161217,0.003151803,0.00804471,0.005176352,0.00082377,6.40E-05,-1.97E-05,-0.000195482,0.001068321
LVA3,LVA3,-0.034324687,0.046172884,0.002367058,0.009248535,0.006656512,0.001983608,-0.000891558,-4.16E-06,-0.000124448,0.000933846
RC16,RC16,-0.035969455,0.047567387,0.001275123,0.010918131,0.008715229,0.003985061,-0.003951362,2.33E-05,4.01E-06,0.001021664
RC9,RC9,-0.034475243,0.046348637,0.002277527,0.009465255,0.006901589,0.003141786,-0.003042075,1.18E-05,6.90E-05,3.29E-05
RC6,RC6,-0.03313816,0.045239396,0.003168853,0.008143641,0.005261804,0.002158471,-0.001890278,3.82E-07,0.000109009,-0.000784765
CGNSP15,CGNSP15-3,-0.035462868,0.047205697,0.00162935,0.010488161,0.008151602,0.004789007,-0.006041858,3.54E-05,0.000435963,-0.00241009
CGNSP7,CGNSP7,-0.034897654,0.046743478,0.002007771,0.009937827,0.007465529,0.004412265,-0.005505939,2.98E-05,0.000403146,-0.00227971
LVA2,LVA2,-0.034451637,0.046373771,0.002305241,0.009497102,0.006918521,0.004023166,-0.004913014,2.43E-05,0.00035952,-0.002070149
LVA4,LVA4,-0.036240412,0.047849483,0.001109753,0.011257233,0.009107044,0.005548954,-0.007338433,4.82E-05,0.000566961,-0.003156202
LVA8,LVA8,-0.03410374,0.046101841,0.002539932,0.009176873,0.006513911,0.004092118,-0.005194277,2.59E-05,0.0004131,-0.002440803
CGNSP8,CGNSP8,-0.020605892,-0.003543158,0.027074671,-0.057893536,0.029451139,0.000215698,-6.78E-05,-0.000130838,-0.000312489,-0.000653526
CGNSP14,CGNSP14,-0.02382204,-0.004386924,0.025670034,-0.061236819,0.035817491,0.000109631,-2.81E-05,-5.46E-05,-0.000142876,-0.00030354
NSP2,NSP2,-0.030777743,-0.006213436,0.022628898,-0.068529721,0.049688212,-0.000153224,7.66E-05,0.000152618,0.000343239,0.000723286
APB4,APB4,-0.100972875,-0.032244559,0.148941899,0.002489334,-0.056170883,8.66E-05,-1.17E-05,-1.78E-05,-4.38E-05,-8.46E-05
RC2,RC2,0.301539386,0.00471321,0.004909212,-0.00160221,-0.003858531,5.69E-05,-1.94E-05,-3.68E-05,-8.24E-05,-0.000170911
NSP11,NSP11,0.304834018,0.004716051,0.004545908,-0.001320343,-0.003589061,4.50E-05,-1.49E-05,-2.82E-05,-6.36E-05,-0.000132415
LVA11,LVA11,0.310251294,0.004712974,0.003926499,-0.000854442,-0.003118369,3.24E-05,-1.20E-05,-2.46E-05,-6.50E-05,-0.000147634
UNF7,UNF7,0.312275813,0.004718728,0.003713494,-0.000681025,-0.002965361,1.98E-05,-6.10E-06,-1.19E-05,-3.09E-05,-6.98E-05
WP1,WP1r,0.321924598,0.004710986,0.002602978,0.000150509,-0.002117665,1.54E-06,-4.61E-06,-1.58E-05,-7.82E-05,-0.00022235
BARD5,Bard5,0.32593979,0.004720636,0.002169257,0.000503108,-0.001798771,-3.82E-05,1.79E-05,3.82E-05,0.000104973,0.000246286
CGNSP10,CGNSP10-3,0.331339004,0.004719758,0.001552819,0.000973564,-0.00132961,-6.29E-05,2.86E-05,6.11E-05,0.000172019,0.000408279
